<environmentvariabledefinition schemaname="am_ARBSharePointSite">
  <apiid>/providers/microsoft.powerapps/apis/shared_sharepointonline</apiid>
  <defaultvalue>https://happiestminds.sharepoint.com/sites/IT2025</defaultvalue>
  <displayname default="ARBSharePoint Site">
    <label description="ARBSharePoint Site" languagecode="1033" />
  </displayname>
  <introducedversion>1.0.0.0</introducedversion>
  <iscustomizable>1</iscustomizable>
  <isrequired>0</isrequired>
  <parameterkey>dataset</parameterkey>
  <secretstore>0</secretstore>
  <type>100000004</type>
</environmentvariabledefinition>