<botcomponent schemaname="cr54e_architectureSubmissionHelper.topic.OnError">
  <componenttype>9</componenttype>
  <description>This system topic triggers when the copilot encounters an error. When using the test chat pane, the full error description is displayed.</description>
  <iscustomizable>0</iscustomizable>
  <name>On Error</name>
  <parentbotid>
    <schemaname>cr54e_architectureSubmissionHelper</schemaname>
  </parentbotid>
  <statecode>0</statecode>
  <statuscode>1</statuscode>
</botcomponent>