<botcomponent_workflowset>
  <botcomponent_workflow botcomponentid.schemaname="cr54e_architectureSubmissionHelper.component.ARBAddProjectDetails" workflowid.workflowid="19cd78ca-0df6-ef11-9341-7c1e52581fff">
    <iscustomizable>1</iscustomizable>
  </botcomponent_workflow>
  <botcomponent_workflow botcomponentid.schemaname="cr54e_architectureSubmissionHelper.topic.ProjectReviewbyARB" workflowid.workflowid="19cd78ca-0df6-ef11-9341-7c1e52581fff">
    <iscustomizable>1</iscustomizable>
  </botcomponent_workflow>
</botcomponent_workflowset>