<botcomponent schemaname="cr54e_architectureSubmissionHelper.topic.ProjectSubmissions_vPuaxzeBXfJ9Kn3Z_1GQh">
  <componenttype>16</componenttype>
  <description>This knowledge source provides information found in ProjectSubmissions SharePoint.</description>
  <iscustomizable>0</iscustomizable>
  <name>ProjectSubmissions</name>
  <parentbotid>
    <schemaname>cr54e_architectureSubmissionHelper</schemaname>
  </parentbotid>
  <statecode>0</statecode>
  <statuscode>1</statuscode>
</botcomponent>