{
  "properties": {
    "connectionReferences": {
      "shared_sharepointonline-1": {
        "runtimeSource": "embedded",
        "connection": {
          "connectionReferenceLogicalName": "am_ARBSharePointConnection"
        },
        "api": {
          "name": "shared_sharepointonline"
        }
      },
      "shared_wordonlinebusiness-1": {
        "runtimeSource": "embedded",
        "connection": {
          "connectionReferenceLogicalName": "am_ARBWordConnection"
        },
        "api": {
          "name": "shared_wordonlinebusiness"
        }
      }
    },
    "definition": {
      "$schema": "https://schema.management.azure.com/providers/Microsoft.Logic/schemas/2016-06-01/workflowdefinition.json#",
      "contentVersion": "1.0.0.0",
      "parameters": {
        "$authentication": {
          "defaultValue": {},
          "type": "SecureObject"
        },
        "$connections": {
          "defaultValue": {},
          "type": "Object"
        },
        "ARBSharePoint Site (am_ARBSharePointSite)": {
          "defaultValue": "https://happiestminds.sharepoint.com/sites/IT2025",
          "type": "String",
          "metadata": {
            "schemaName": "am_ARBSharePointSite"
          }
        },
        "ARBList (am_ARBList)": {
          "defaultValue": "a241543c-98f0-4b8c-91fb-1a289e73ba76",
          "type": "String",
          "metadata": {
            "schemaName": "am_ARBList"
          }
        }
      },
      "triggers": {
        "manual": {
          "metadata": {
            "operationMetadataId": "b8f61c18-7224-4f8a-9c5f-72fbce5df764"
          },
          "type": "Request",
          "kind": "Skills",
          "inputs": {
            "schema": {
              "type": "object",
              "properties": {
                "text": {
                  "description": "Please enter your input",
                  "title": "ProjectName",
                  "type": "string",
                  "x-ms-content-hint": "TEXT",
                  "x-ms-dynamically-added": true
                },
                "text_1": {
                  "description": "Please enter your input",
                  "title": "Description",
                  "type": "string",
                  "x-ms-content-hint": "TEXT",
                  "x-ms-dynamically-added": true
                },
                "text_2": {
                  "description": "Please enter your input",
                  "title": "Department",
                  "type": "string",
                  "x-ms-content-hint": "TEXT",
                  "x-ms-dynamically-added": true
                },
                "text_3": {
                  "description": "Please enter your input",
                  "title": "Stakeholders",
                  "type": "string",
                  "x-ms-content-hint": "TEXT",
                  "x-ms-dynamically-added": true
                },
                "text_4": {
                  "description": "Please enter your input",
                  "title": "UserCount",
                  "type": "string",
                  "x-ms-content-hint": "TEXT",
                  "x-ms-dynamically-added": true
                },
                "text_5": {
                  "description": "Please enter your input",
                  "title": "Authentication",
                  "type": "string",
                  "x-ms-content-hint": "TEXT",
                  "x-ms-dynamically-added": true
                },
                "text_6": {
                  "description": "Please enter your input",
                  "title": "Technology",
                  "type": "string",
                  "x-ms-content-hint": "TEXT",
                  "x-ms-dynamically-added": true
                },
                "text_7": {
                  "description": "Please enter your input",
                  "title": "PowerPlatform",
                  "type": "string",
                  "x-ms-content-hint": "TEXT",
                  "x-ms-dynamically-added": true
                },
                "text_8": {
                  "description": "Please enter your input",
                  "title": "Database",
                  "type": "string",
                  "x-ms-content-hint": "TEXT",
                  "x-ms-dynamically-added": true
                },
                "text_9": {
                  "description": "Please enter your input",
                  "title": "APIIntegration",
                  "type": "string",
                  "x-ms-content-hint": "TEXT",
                  "x-ms-dynamically-added": true
                },
                "text_10": {
                  "description": "Please enter your input",
                  "title": "Datafeed",
                  "type": "string",
                  "x-ms-content-hint": "TEXT",
                  "x-ms-dynamically-added": true
                },
                "text_11": {
                  "description": "Please enter your input",
                  "title": "Compliance",
                  "type": "string",
                  "x-ms-content-hint": "TEXT",
                  "x-ms-dynamically-added": true
                },
                "text_12": {
                  "description": "Please enter your input",
                  "title": "Auditable",
                  "type": "string",
                  "x-ms-content-hint": "TEXT",
                  "x-ms-dynamically-added": true
                },
                "text_13": {
                  "description": "Please enter your input",
                  "title": "License",
                  "type": "string",
                  "x-ms-content-hint": "TEXT",
                  "x-ms-dynamically-added": true
                },
                "text_14": {
                  "description": "Please enter your input",
                  "title": "Support",
                  "type": "string",
                  "x-ms-content-hint": "TEXT",
                  "x-ms-dynamically-added": true
                },
                "text_15": {
                  "description": "Please enter your input",
                  "title": "ExpectedStartDate",
                  "type": "string",
                  "x-ms-content-hint": "TEXT",
                  "x-ms-dynamically-added": true
                }
              },
              "required": [
                "text",
                "text_1",
                "text_2",
                "text_3",
                "text_4",
                "text_5",
                "text_6",
                "text_7",
                "text_8",
                "text_9",
                "text_10",
                "text_11",
                "text_12",
                "text_13",
                "text_14"
              ]
            }
          }
        }
      },
      "actions": {
        "Respond_to_Copilot": {
          "runAfter": {
            "Create_file": [
              "Succeeded",
              "TimedOut",
              "Skipped",
              "Failed"
            ]
          },
          "metadata": {
            "operationMetadataId": "81c94f73-dd52-465c-ad3b-a4686da63cc3"
          },
          "type": "Response",
          "kind": "Skills",
          "inputs": {
            "schema": {
              "type": "object",
              "properties": {
                "varrequestid": {
                  "title": "varRequestID",
                  "description": "",
                  "type": "string",
                  "x-ms-content-hint": "TEXT",
                  "x-ms-dynamically-added": true
                }
              },
              "additionalProperties": {}
            },
            "statusCode": 200,
            "body": {
              "varrequestid": "@{outputs('Create_item')?['body/ID']}"
            }
          }
        },
        "Create_item": {
          "runAfter": {},
          "type": "OpenApiConnection",
          "inputs": {
            "parameters": {
              "dataset": "@parameters('ARBSharePoint Site (am_ARBSharePointSite)')",
              "table": "@parameters('ARBList (am_ARBList)')",
              "item/Title": "@triggerBody()?['text']",
              "item/Description": "@triggerBody()?['text_1']",
              "item/Department": "@triggerBody()?['text_2']",
              "item/Stakeholders": "@triggerBody()?['text_3']",
              "item/UserCount": "@triggerBody()?['text_4']",
              "item/Authentication": "@triggerBody()?['text_5']",
              "item/Technology": "@triggerBody()?['text_6']",
              "item/PowerPlatformTools": "@triggerBody()?['text_7']",
              "item/Database": "@triggerBody()?['text_8']",
              "item/APIIntegration": "@triggerBody()?['text_9']",
              "item/DataFeed": "@triggerBody()?['text_10']",
              "item/Compliance": "@triggerBody()?['text_11']",
              "item/Auditable": "@triggerBody()?['text_12']",
              "item/ExpectedStartDate": "@triggerBody()?['date']",
              "item/LicenseDetails": "@triggerBody()?['text_13']",
              "item/Support": "@triggerBody()?['text_14']"
            },
            "host": {
              "apiId": "/providers/Microsoft.PowerApps/apis/shared_sharepointonline",
              "operationId": "PostItem",
              "connectionName": "shared_sharepointonline-1"
            }
          }
        },
        "Populate_a_Microsoft_Word_template": {
          "runAfter": {
            "Create_item": [
              "Succeeded"
            ]
          },
          "metadata": {
            "01GBM2KN3PUMGJVV2NXZGY2SJJJKRZVG2N": "/ARB.docx"
          },
          "type": "OpenApiConnection",
          "inputs": {
            "parameters": {
              "source": "@parameters('ARBSharePoint Site (am_ARBSharePointSite)')",
              "drive": "b!XJV08d6uX0WZNu6mi4TxU7ufzEjjUEpGhxr0G7GPLP7ad-86nUz5RKDE29YF9XKP",
              "file": "01GBM2KN3PUMGJVV2NXZGY2SJJJKRZVG2N",
              "dynamicFileSchema/938211": "@outputs('Create_item')?['body/Auditable']",
              "dynamicFileSchema/763344188": "@outputs('Create_item')?['body/Stakeholders']",
              "dynamicFileSchema/951362553": "@outputs('Create_item')?['body/Description']",
              "dynamicFileSchema/1087966074": "@outputs('Create_item')?['body/Compliance']",
              "dynamicFileSchema/1156102486": "@outputs('Create_item')?['body/Author/Email']",
              "dynamicFileSchema/1317843015": "@outputs('Create_item')?['body/Database']",
              "dynamicFileSchema/1387522353": "@outputs('Create_item')?['body/Title']",
              "dynamicFileSchema/1992356564": "@outputs('Create_item')?['body/LicenseDetails']",
              "dynamicFileSchema/2011019888": "@outputs('Create_item')?['body/Created']",
              "dynamicFileSchema/-602811800": "@outputs('Create_item')?['body/Department']",
              "dynamicFileSchema/-2086519245": "@outputs('Create_item')?['body/UserCount']",
              "dynamicFileSchema/-1578591675": "@outputs('Create_item')?['body/Authentication']",
              "dynamicFileSchema/-231537353": "@outputs('Create_item')?['body/Technology']",
              "dynamicFileSchema/-1209949256": "@outputs('Create_item')?['body/APIIntegration']",
              "dynamicFileSchema/-1642568893": "@outputs('Create_item')?['body/DataFeed']",
              "dynamicFileSchema/-1860190166": "@outputs('Create_item')?['body/ExpectedStartDate']",
              "dynamicFileSchema/-1557692568": "@outputs('Create_item')?['body/Support']"
            },
            "host": {
              "apiId": "/providers/Microsoft.PowerApps/apis/shared_wordonlinebusiness",
              "operationId": "CreateFileItem",
              "connectionName": "shared_wordonlinebusiness-1"
            }
          }
        },
        "Create_file": {
          "runAfter": {
            "Populate_a_Microsoft_Word_template": [
              "Succeeded"
            ]
          },
          "type": "OpenApiConnection",
          "inputs": {
            "parameters": {
              "dataset": "@parameters('ARBSharePoint Site (am_ARBSharePointSite)')",
              "folderPath": "/ProjectSubmissions",
              "name": "@{outputs('Create_item')?['body/Title']}.docx",
              "body": "@body('Populate_a_Microsoft_Word_template')"
            },
            "host": {
              "apiId": "/providers/Microsoft.PowerApps/apis/shared_sharepointonline",
              "operationId": "CreateFile",
              "connectionName": "shared_sharepointonline-1"
            }
          },
          "runtimeConfiguration": {
            "contentTransfer": {
              "transferMode": "Chunked"
            }
          }
        }
      },
      "outputs": {}
    },
    "templateName": "8966f0978a80430098d992ce322095e3"
  },
  "schemaVersion": "1.0.0.0"
}